,customer_name,mailing_address,email,customer_id
0,Rebecca Hobbs,"046 George Divide Apt. 694 Port Jacob, MD 17171",jacobcallahan@hotmail.com,60933653
1,Amanda Hernandez,"66112 Fox Oval Markfort, MN 15554",wandarhodes@hotmail.com,31762611
2,Jason Anderson,"687 Patrick Shores Alyssaberg, MA 03960",daniel43@knight.net,72743199
3,David Martinez,"3808 Anderson Cove South Matthew, GA 65371",tylerhill@gmail.com,68185259
4,Mrs. Terri Ward,"7773 Chad Courts East Travis, NH 10778",frostvanessa@miller.com,87018786
5,Melissa Davenport,"0866 George Cape Leonardbury, HI 93212",wreyes@allen-prince.com,16474342
6,Sean Parker,"PSC 3986, Box 8388 APO AE 57022",tylershannon@hotmail.com,40597305
7,Ashley Graves,"024 Lee Skyway Amymouth, NY 02420",carolynwebster@morse.com,38488894
8,Melissa Johnson,"5972 Michael Alley Cooperberg, CT 19066",bowerssteven@hotmail.com,98489228
9,Molly Sanchez,"02783 White Plaza Martinchester, WA 41016",gerald84@smith.com,44937872
10,Dustin Clark,"71619 Martin Extensions New Debbieburgh, VT 76797",wurick@hotmail.com,20950882
11,Mary Young,"349 Haynes Squares Brownberg, NH 26510",kathywhite@hotmail.com,27311644
12,Lisa Smith,"8374 Wilson Rapid North Kellymouth, SD 04470",ryan67@gmail.com,41495223
13,John Brown,"1873 Edward Canyon Suite 352 Port Kathryn, MD 98645",emoore@hotmail.com,88513324
14,Carolyn Harrison,"15839 Mayer Dale Suite 859 Burtonchester, CO 04228",urobinson@hotmail.com,53445949
15,Anthony Martinez,"6203 Davis Villages Suite 856 Kellytown, ND 24497",youngcourtney@gmail.com,34158885
16,Heather Ross,"73763 Velasquez Locks North Kenneth, VT 42756",rileybreanna@yahoo.com,79893788
17,Darren Perry,"77125 Cole Valleys Suite 383 Taylorburgh, CT 27980",gregbender@hotmail.com,75690673
18,Ronald Burke,"89054 Hines Streets Suite 819 Lake Jacquelineport, AL 04976",gwilliams@yahoo.com,54035292
19,Linda Davis,Unit 7271 Box 8974 DPO AE 22732,donaldgray@gmail.com,42539608
20,Monica Pittman,"36927 Bonilla Brooks Mercerview, NY 87164",zbaker@hotmail.com,37999089
21,Jose Garner,"9255 Frey Circles South Sharon, KS 64567",janicewilliams@cooper.com,11066949
22,Karen Anderson,"7359 Craig Spring East William, WY 81117",tanyalarsen@cunningham-gay.net,68567423
23,Wendy George,"PSC 5920, Box 3515 APO AA 82761",rogermiller@schultz.com,77284548
24,Amber Johnson,"92808 Tammy Shore Suite 111 North Kyleburgh, AR 33091",brenda87@pena-kim.com,78101539
25,Brad Fisher,"0298 Lane Crescent Lake Matthewstad, MD 32028",ebass@wilson.biz,45094785
26,Caleb Rodriguez,"75077 Rojas Glens Alexandermouth, NE 50421",michael19@yahoo.com,73048521
27,Courtney Miller,"047 Lindsey Lodge Lake Mariatown, OH 36692",kelly02@page-johnson.info,18289773
28,Scott Barnes,"94634 Taylor Isle West Christinebury, WY 30613",manueljohnson@beasley-garcia.com,71272236
29,Matthew Perez,"9951 Burton Glens Stevenland, DE 17034",kaitlynroberts@hotmail.com,94105999
30,Sean Shaw,"519 Phelps Lodge Cruzville, FL 87297",laurabrown@pitts-jones.com,85545495
31,Arthur Taylor,"95420 Proctor Stream Goodville, TN 09135",jbrown@howell-richards.com,16533118
32,Brad Rivera,"652 Joshua Garden Suite 389 Sophiahaven, NJ 91538",clopez@lee.org,32968769
33,Melinda Aguilar,"2848 Stevens Camp Apt. 008 Lake Bradleyshire, CA 45568",bassshannon@myers-dennis.net,11306765
34,Rebecca Mooney,"PSC 4393, Box 7691 APO AE 16071",plucas@banks.com,43998355
35,Brent Pena,"73661 Allen Valley Apt. 238 South Brianaborough, PA 93620",peterscourtney@sandoval-lang.com,52217001
36,Mario Dean MD,Unit 7725 Box 6697 DPO AA 99099,phill@watts.biz,91613000
37,Lisa Wise,Unit 2224 Box 7833 DPO AA 59721,gjames@watts.com,72706506
38,Jennifer Carter,"3972 Hudson Extension New Donnaberg, RI 20124",kelsey37@davis.com,71968729
39,Aaron James,"56132 Wade Crescent Jakeshire, KY 93742",shannon03@gmail.com,48001899
40,Matthew Rodriguez,"070 Odom Island Apt. 185 Josehaven, HI 90910",jenniferbaker@hotmail.com,16677584
41,Lindsey Smith,"9192 Alexander Route Tiffanyfort, CA 26331",frenchscott@miranda.com,97344267
42,Bryan Williams,"8073 Davis Brooks Matthewmouth, GA 70651",benjaminfoster@gmail.com,86786793
43,David Andrade,"5134 Townsend Parkways Suite 689 West Nataliehaven, AL 53971",benjaminrubio@gmail.com,61712295
44,Joanna Wilson,Unit 2040 Box 2553 DPO AE 71814,dfreeman@figueroa.com,50263088
45,Oscar Brady,"33301 Boyd Ports Suite 775 East Christopher, LA 38212",brianhart@yahoo.com,44653210
46,Billy Crawford,"009 Edwards Tunnel Suite 351 Smithhaven, NH 60157",gwest@hotmail.com,76032321
47,Michael Miller,"34486 Matthew Fort Apt. 048 Pagemouth, CO 48938",melissamurphy@jacobs.com,97306111
48,Robert Curtis,"3532 Figueroa Hollow Apt. 513 New Jason, LA 08857",osanchez@saunders-woods.biz,87864046
49,William Martin,"9358 Allison Parkways Suite 287 Carsonfort, NJ 92022",ugarcia@yahoo.com,35547936
50,David Kelley,"9435 Smith Place Cruzstad, KY 49275",jenniferwatts@myers-shah.biz,97405757
51,Derek Schwartz,"5785 Lisa Mall Suite 417 Lake Jeanette, KY 22789",hollymitchell@hotmail.com,57153549
52,Mason Le,"75469 Martin Pine Suite 842 Markmouth, MT 70661",alyssa63@hotmail.com,78708800
53,Sara Mckee,"72417 Thompson Trail New Morgan, IN 77703",mcampbell@morris.info,17199095
54,Angelica Hunt DDS,"227 Duncan Alley Thorntonton, KY 35620",myersgabriella@hotmail.com,57417732
55,Summer Contreras,"219 David Island Apt. 341 South Ruthville, VT 32653",gjohnson@gmail.com,79154906
56,Scott Howard,"2012 Stephanie Locks Apt. 290 Francisshire, NY 79770",leslie90@barker.com,17322997
57,Matthew King,"5309 Dawson Bypass Apt. 095 Smithport, MI 89395",bthomas@ryan-peterson.info,75641123
58,Danielle Williams,"13991 Vincent Locks Apt. 265 New Amandamouth, LA 27536",melinda74@yahoo.com,45496872
59,Virginia Williams,"371 Oneal Isle South Johnport, IL 73075",juliekelley@hotmail.com,68094575
60,Douglas Atkins,"0496 James Canyon Suite 420 North Briannaborough, MN 60579",wendy79@zimmerman-johnson.biz,97099303
61,Jodi Stewart,"8895 William Trail North Amanda, IN 04216",judith71@gmail.com,57439859
62,Andre Macias,"521 Bullock Street Diazmouth, IA 85827",erin70@hotmail.com,38924594
63,Carlos Howard,"292 Bailey Expressway Apt. 531 East Ashleyside, MI 19157",zgross@velasquez-ewing.info,63701730
64,Emily Blevins,"77174 Richard Circle Mejiamouth, ME 26605",veronicasheppard@morgan.biz,84156486
65,John Patel,Unit 9989 Box 7957 DPO AA 32066,lutzamy@sanders-duncan.com,90832133
66,Marc Malone,"PSC 1937, Box 1091 APO AP 75566",rhondamcclain@hotmail.com,18284975
67,Kevin Castro,"968 Kemp Port Suite 897 Georgeborough, FL 94278",lindsayadams@hotmail.com,53351601
68,Garrett Rogers,"4385 Peter Viaduct Apt. 161 Gabrielaland, TX 06629",amandacraig@hernandez-ramirez.biz,30300181
69,Emily Holmes,"61880 Cook Mountains Pinedabury, KS 72060",ritagriffin@wilson-donaldson.net,59460937
70,Brian Rich,"7928 Brenda Hollow Suite 256 Brownton, NJ 91755",christine37@hotmail.com,49990180
71,Chelsea Russell,"7452 Smith Estate Suite 001 South Victoriabury, UT 71308",alex83@yahoo.com,75731867
72,Jamie Reeves,"32025 Joshua Stravenue Apt. 965 North Donnachester, UT 93004",haleyvelez@gmail.com,38529862
73,Lori Foster,"944 Lewis Turnpike Suite 569 Danielsbury, IL 57407",matthew32@andrews.com,58936225
74,Ryan King,"42820 Andrews Well Suite 880 Eduardomouth, VT 60704",williamsdeborah@gmail.com,12890659
75,David Jimenez,"7923 Keller Fields Troymouth, IN 82198",kevin77@hotmail.com,73607777
76,Vincent Edwards,"39841 Gina Extension Suite 150 Port Veronica, OR 27582",jmaldonado@gmail.com,59439966
77,Christine Perkins,"65219 Richardson Brooks New Christinabury, OH 87490",angelakidd@castillo.info,51344611
78,John Burch,"12977 Vincent Inlet Suite 571 Port Brandiside, DC 72262",kwatkins@hotmail.com,91852586
79,Alexandria Wolfe,"27449 Jonathan Vista Apt. 585 Rodriguezland, CO 62379",wfields@webb-rodriguez.info,85351549
80,Albert Reyes,"63346 Kemp Cape Suite 321 Port Dustin, OH 08269",johnsonrachel@gmail.com,78259283
81,Corey Jenkins,"4773 Rivera Trafficway Medinamouth, MD 59807",youngryan@yahoo.com,39653647
82,Joseph Thomas,"4147 Sanders Center Bethberg, KY 89282",robertsconnie@hotmail.com,48393474
83,Angelica Rosales,"76511 Henry Stream North Malloryfort, SC 64443",simmonsjulie@yahoo.com,23356384
84,Wendy Wilson,"01394 Nathaniel Wall Apt. 687 Lisamouth, VT 57549",ushaw@morrow-atkinson.com,32423187
85,Brandon Kim,"30139 Robert Meadow Apt. 911 Garzamouth, FL 03448",lauren70@gmail.com,15470724
86,Amanda Warren,"200 Bolton Locks Joneschester, MS 07497",jamesbrandy@stephens.com,32209354
87,Tracy Garcia,"081 Kim Dam Lake Elizabethfurt, NH 97851",judith15@rose.info,20684725
88,Mark Lee,"58431 Diaz Unions Apt. 656 Elizabethmouth, FL 80262",juliebrown@yahoo.com,86980952
89,Edward Santos,"4405 Baker Crossing East Craig, DE 69685",candacemccullough@huffman.info,52881725
90,Jeffrey Hughes,"360 Vega Ranch West Leonardshire, OK 88743",smccullough@yahoo.com,57822863
91,Sophia Jones,"78177 Wyatt Ports Garrettfort, MA 71635",timothyflores@gross.org,68183094
92,Michelle Sawyer,"005 Nicholas Neck South Davidshire, NE 58888",cainsara@burns.com,43153003
93,Tom Sheppard,"690 Gina Overpass Michaeltown, NM 12859",lisa65@gmail.com,14520570
94,Karen Griffin,"8911 Gibbs Islands Tatemouth, KY 52287",kmoore@yahoo.com,23455848
95,Erin Acosta,"4909 Joseph Ridge Suite 888 Garciahaven, HI 40318",scottrobert@hotmail.com,71574995
96,Kathleen Anderson,"27391 Livingston Forest Apt. 159 Baileyville, UT 89850",jbrown@gmail.com,72722560
97,Matthew Turner,"41367 Megan Forks Suite 315 Farrellburgh, FL 04588",taylorjoseph@martinez.com,26932047
98,Laura Hendricks,"93316 Benjamin Viaduct Apt. 402 Port Dustinview, TX 40454",patricia93@hernandez.com,18342097
99,Tonya Glover,"677 Jones Port Lake Emily, SC 03786",owalker@hotmail.com,80206138
